customer_id,first_name,last_name,email,city
1,Dominique,Payne,dominique.payne@email.com,Weissshire
2,Christina,Hansen,christina.hansen@email.com,South Mollymouth
3,David,Jones,david.jones@email.com,Gabriellemouth
4,Randy,Thomas,randy.thomas@email.com,Sandraport
5,Anthony,Williams,anthony.williams@email.com,Lake Jorgeton
6,Tammy,Duke,tammy.duke@email.com,Garrisonchester
7,Amanda,Nelson,amanda.nelson@email.com,West Michaelbury
8,Jessica,Allen,jessica.allen@email.com,West Rickfurt
9,Christopher,Johnson,christopher.johnson@email.com,Port Heather
10,Victor,Cole,victor.cole@email.com,Port Andres
11,Dennis,Hernandez,dennis.hernandez@email.com,South Jill
12,Austin,Curtis,austin.curtis@email.com,Amymouth
13,Lisa,Elliott,lisa.elliott@email.com,Port Ginaton
14,Lisa,Garcia,lisa.garcia@email.com,Lake Chad
15,Jennifer,Brown,jennifer.brown@email.com,East Donald
16,Kevin,Kaufman,kevin.kaufman@email.com,Michelleburgh
17,Mark,Potter,mark.potter@email.com,Lake Michelle
18,Daniel,Powers,daniel.powers@email.com,East Cindy
19,Bryan,Patterson,bryan.patterson@email.com,Keymouth
20,Daniel,Davis,daniel.davis@email.com,West Tonyville
21,Matthew,Mcbride,matthew.mcbride@email.com,Lake Jesus
22,Andrea,Juarez,andrea.juarez@email.com,Erikaport
23,Katrina,Long,katrina.long@email.com,Gillshire
24,Kimberly,Knight,kimberly.knight@email.com,Port Trevorfort
25,Kelly,Trevino,kelly.trevino@email.com,Joshuaside
26,Kathryn,Wall,kathryn.wall@email.com,West Georgefort
27,Leslie,Sanchez,leslie.sanchez@email.com,New Matthewville
28,Elizabeth,Cameron,elizabeth.cameron@email.com,Smithstad
29,Jaclyn,Morgan,jaclyn.morgan@email.com,South Lucasberg
30,Michael,Murray,michael.murray@email.com,Ramirezfurt
31,Jesse,Robinson,jesse.robinson@email.com,Kevinside
32,Breanna,Reed,breanna.reed@email.com,Harringtonview
33,Jennifer,Mcclure,jennifer.mcclure@email.com,Vangbury
34,Theodore,Mathews,theodore.mathews@email.com,Lake Kristen
35,Cody,Pearson,cody.pearson@email.com,West Jamesfurt
36,Lisa,Ferguson,lisa.ferguson@email.com,Saraport
37,Kimberly,Griffith,kimberly.griffith@email.com,Port Charles
38,Deanna,Floyd,deanna.floyd@email.com,Johnview
39,Levi,Berry,levi.berry@email.com,New Jessica
40,Christopher,Herrera,christopher.herrera@email.com,Rebeccafurt
41,Michael,Brown,michael.brown@email.com,Milesville
42,Christopher,Lopez,christopher.lopez@email.com,Rollinsfurt
43,Debra,Andrews,debra.andrews@email.com,West April
44,Amanda,Armstrong,amanda.armstrong@email.com,North Brian
45,Andrew,Hunt,andrew.hunt@email.com,Garyside
46,Sarah,Morris,sarah.morris@email.com,Millerland
47,Susan,Walker,susan.walker@email.com,Jennifershire
48,Cassidy,Logan,cassidy.logan@email.com,Ramseyside
49,Jeffrey,Cox,jeffrey.cox@email.com,Lake Roy
50,Daniel,Silva,daniel.silva@email.com,Carolhaven
51,Kristy,Gonzalez,kristy.gonzalez@email.com,North Kristinabury
52,Martin,Winters,martin.winters@email.com,Lopezfort
53,Debra,Smith,debra.smith@email.com,Benjaminberg
54,Christian,Roberts,christian.roberts@email.com,New Jeffreyport
55,Kelly,Garcia,kelly.garcia@email.com,Lake Jamie
56,Gavin,Ayala,gavin.ayala@email.com,West Bradley
57,Nicholas,Stanley,nicholas.stanley@email.com,Lake Michaelberg
58,Dawn,Roach,dawn.roach@email.com,Markmouth
59,Makayla,Ramsey,makayla.ramsey@email.com,Port Jeffrey
60,Vincent,Parker,vincent.parker@email.com,Beltranchester
61,Christopher,Robles,christopher.robles@email.com,North Donna
62,Christopher,Frank,christopher.frank@email.com,South Stephanieside
63,Linda,Li,linda.li@email.com,New Erin
64,Amanda,Duarte,amanda.duarte@email.com,Griffinview
65,Jerry,Smith,jerry.smith@email.com,South Nicole
66,Corey,Rubio,corey.rubio@email.com,Port Justinborough
67,Mary,Rowland,mary.rowland@email.com,North Sabrina
68,Kimberly,Walker,kimberly.walker@email.com,Coxborough
69,Jennifer,Elliott,jennifer.elliott@email.com,Christopherberg
70,Robert,Ruiz,robert.ruiz@email.com,East Kevin
71,Kevin,Rodriguez,kevin.rodriguez@email.com,Curtisstad
72,Misty,Castillo,misty.castillo@email.com,Ryanport
73,Blake,Hernandez,blake.hernandez@email.com,Newtonville
74,John,Bell,john.bell@email.com,New Taylorbury
75,Kayla,Martinez,kayla.martinez@email.com,Joseberg
76,Wesley,Smith,wesley.smith@email.com,New Ericchester
77,David,Mccarthy,david.mccarthy@email.com,North Bethfort
78,David,Rivera,david.rivera@email.com,North Victoria
79,Caleb,Holt,caleb.holt@email.com,Carrshire
80,Gary,Callahan,gary.callahan@email.com,North Tiffany
81,Katherine,Wood,katherine.wood@email.com,Taylorton
82,Kathleen,Cannon,kathleen.cannon@email.com,Cuevasview
83,Susan,Moore,susan.moore@email.com,Lopezmouth
84,Eduardo,Woodward,eduardo.woodward@email.com,Richardfort
85,Kevin,Robinson,kevin.robinson@email.com,Annetteborough
86,Michele,Baldwin,michele.baldwin@email.com,South Robertstad
87,William,Lane,william.lane@email.com,Port Nancystad
88,Elizabeth,Sanchez,elizabeth.sanchez@email.com,South Dennis
89,Tamara,Liu,tamara.liu@email.com,Wilsontown
90,Alexandria,Cohen,alexandria.cohen@email.com,Port Derrick
91,Anthony,Jackson,anthony.jackson@email.com,North Margaret
92,Kevin,Young,kevin.young@email.com,East Alexander
93,Javier,Jordan,javier.jordan@email.com,South Adam
94,Renee,Ross,renee.ross@email.com,Spenceside
95,Gregory,Sims,gregory.sims@email.com,South Jameshaven
96,Linda,Johnson,linda.johnson@email.com,Shannonmouth
97,Zachary,Delgado,zachary.delgado@email.com,Lake Tiffanyberg
98,Charles,Roman,charles.roman@email.com,Lake Frankmouth
99,Patrick,Peters,patrick.peters@email.com,Williamsmouth
100,Allison,Ritter,allison.ritter@email.com,Garyburgh
